DateKey,Date,Year,Month,MonthName,Day,DayOfWeek,DayName,IsWeekend,Quarter
20260617,2026-06-17,2026,6,June,17,3,Wednesday,False,2
20260618,2026-06-18,2026,6,June,18,4,Thursday,False,2
20260619,2026-06-19,2026,6,June,19,5,Friday,False,2
20260620,2026-06-20,2026,6,June,20,6,Saturday,True,2
20260621,2026-06-21,2026,6,June,21,7,Sunday,True,2
20260622,2026-06-22,2026,6,June,22,1,Monday,False,2
20260623,2026-06-23,2026,6,June,23,2,Tuesday,False,2
20260624,2026-06-24,2026,6,June,24,3,Wednesday,False,2
20260625,2026-06-25,2026,6,June,25,4,Thursday,False,2
20260626,2026-06-26,2026,6,June,26,5,Friday,False,2
20260627,2026-06-27,2026,6,June,27,6,Saturday,True,2
20260628,2026-06-28,2026,6,June,28,7,Sunday,True,2
20260629,2026-06-29,2026,6,June,29,1,Monday,False,2
20260630,2026-06-30,2026,6,June,30,2,Tuesday,False,2
20260701,2026-07-01,2026,7,July,1,3,Wednesday,False,3
20260702,2026-07-02,2026,7,July,2,4,Thursday,False,3
20260703,2026-07-03,2026,7,July,3,5,Friday,False,3
20260704,2026-07-04,2026,7,July,4,6,Saturday,True,3
20260705,2026-07-05,2026,7,July,5,7,Sunday,True,3
20260706,2026-07-06,2026,7,July,6,1,Monday,False,3
20260707,2026-07-07,2026,7,July,7,2,Tuesday,False,3
20260708,2026-07-08,2026,7,July,8,3,Wednesday,False,3
20260709,2026-07-09,2026,7,July,9,4,Thursday,False,3
20260710,2026-07-10,2026,7,July,10,5,Friday,False,3
20260711,2026-07-11,2026,7,July,11,6,Saturday,True,3
20260712,2026-07-12,2026,7,July,12,7,Sunday,True,3
20260713,2026-07-13,2026,7,July,13,1,Monday,False,3
20260714,2026-07-14,2026,7,July,14,2,Tuesday,False,3
20260715,2026-07-15,2026,7,July,15,3,Wednesday,False,3
20260716,2026-07-16,2026,7,July,16,4,Thursday,False,3
20260717,2026-07-17,2026,7,July,17,5,Friday,False,3
20260718,2026-07-18,2026,7,July,18,6,Saturday,True,3
20260719,2026-07-19,2026,7,July,19,7,Sunday,True,3
20260720,2026-07-20,2026,7,July,20,1,Monday,False,3
20260721,2026-07-21,2026,7,July,21,2,Tuesday,False,3
20260722,2026-07-22,2026,7,July,22,3,Wednesday,False,3
20260723,2026-07-23,2026,7,July,23,4,Thursday,False,3
20260724,2026-07-24,2026,7,July,24,5,Friday,False,3
20260725,2026-07-25,2026,7,July,25,6,Saturday,True,3
20260726,2026-07-26,2026,7,July,26,7,Sunday,True,3
20260727,2026-07-27,2026,7,July,27,1,Monday,False,3
20260728,2026-07-28,2026,7,July,28,2,Tuesday,False,3
20260729,2026-07-29,2026,7,July,29,3,Wednesday,False,3
20260730,2026-07-30,2026,7,July,30,4,Thursday,False,3
20260731,2026-07-31,2026,7,July,31,5,Friday,False,3
20260801,2026-08-01,2026,8,August,1,6,Saturday,True,3
20260802,2026-08-02,2026,8,August,2,7,Sunday,True,3
20260803,2026-08-03,2026,8,August,3,1,Monday,False,3
20260804,2026-08-04,2026,8,August,4,2,Tuesday,False,3
20260805,2026-08-05,2026,8,August,5,3,Wednesday,False,3
20260806,2026-08-06,2026,8,August,6,4,Thursday,False,3
20260807,2026-08-07,2026,8,August,7,5,Friday,False,3
20260808,2026-08-08,2026,8,August,8,6,Saturday,True,3
20260809,2026-08-09,2026,8,August,9,7,Sunday,True,3
20260810,2026-08-10,2026,8,August,10,1,Monday,False,3
20260811,2026-08-11,2026,8,August,11,2,Tuesday,False,3
20260812,2026-08-12,2026,8,August,12,3,Wednesday,False,3
20260813,2026-08-13,2026,8,August,13,4,Thursday,False,3
20260814,2026-08-14,2026,8,August,14,5,Friday,False,3
20260815,2026-08-15,2026,8,August,15,6,Saturday,True,3
20260816,2026-08-16,2026,8,August,16,7,Sunday,True,3
20260817,2026-08-17,2026,8,August,17,1,Monday,False,3
20260818,2026-08-18,2026,8,August,18,2,Tuesday,False,3
20260819,2026-08-19,2026,8,August,19,3,Wednesday,False,3
20260820,2026-08-20,2026,8,August,20,4,Thursday,False,3
20260821,2026-08-21,2026,8,August,21,5,Friday,False,3
20260822,2026-08-22,2026,8,August,22,6,Saturday,True,3
20260823,2026-08-23,2026,8,August,23,7,Sunday,True,3
20260824,2026-08-24,2026,8,August,24,1,Monday,False,3
20260825,2026-08-25,2026,8,August,25,2,Tuesday,False,3
20260826,2026-08-26,2026,8,August,26,3,Wednesday,False,3
20260827,2026-08-27,2026,8,August,27,4,Thursday,False,3
20260828,2026-08-28,2026,8,August,28,5,Friday,False,3
20260829,2026-08-29,2026,8,August,29,6,Saturday,True,3
20260830,2026-08-30,2026,8,August,30,7,Sunday,True,3
20260831,2026-08-31,2026,8,August,31,1,Monday,False,3
20260901,2026-09-01,2026,9,September,1,2,Tuesday,False,3
20260902,2026-09-02,2026,9,September,2,3,Wednesday,False,3
20260903,2026-09-03,2026,9,September,3,4,Thursday,False,3
20260904,2026-09-04,2026,9,September,4,5,Friday,False,3
20260905,2026-09-05,2026,9,September,5,6,Saturday,True,3
20260906,2026-09-06,2026,9,September,6,7,Sunday,True,3
20260907,2026-09-07,2026,9,September,7,1,Monday,False,3
20260908,2026-09-08,2026,9,September,8,2,Tuesday,False,3
20260909,2026-09-09,2026,9,September,9,3,Wednesday,False,3
20260910,2026-09-10,2026,9,September,10,4,Thursday,False,3
20260911,2026-09-11,2026,9,September,11,5,Friday,False,3
20260912,2026-09-12,2026,9,September,12,6,Saturday,True,3
20260913,2026-09-13,2026,9,September,13,7,Sunday,True,3
20260914,2026-09-14,2026,9,September,14,1,Monday,False,3
20260915,2026-09-15,2026,9,September,15,2,Tuesday,False,3
20260916,2026-09-16,2026,9,September,16,3,Wednesday,False,3
20260917,2026-09-17,2026,9,September,17,4,Thursday,False,3
20260918,2026-09-18,2026,9,September,18,5,Friday,False,3
20260919,2026-09-19,2026,9,September,19,6,Saturday,True,3
20260920,2026-09-20,2026,9,September,20,7,Sunday,True,3
20260921,2026-09-21,2026,9,September,21,1,Monday,False,3
20260922,2026-09-22,2026,9,September,22,2,Tuesday,False,3
20260923,2026-09-23,2026,9,September,23,3,Wednesday,False,3
20260924,2026-09-24,2026,9,September,24,4,Thursday,False,3
20260925,2026-09-25,2026,9,September,25,5,Friday,False,3
20260926,2026-09-26,2026,9,September,26,6,Saturday,True,3
20260927,2026-09-27,2026,9,September,27,7,Sunday,True,3
20260928,2026-09-28,2026,9,September,28,1,Monday,False,3
20260929,2026-09-29,2026,9,September,29,2,Tuesday,False,3
20260930,2026-09-30,2026,9,September,30,3,Wednesday,False,3
20261001,2026-10-01,2026,10,October,1,4,Thursday,False,4
20261002,2026-10-02,2026,10,October,2,5,Friday,False,4
20261003,2026-10-03,2026,10,October,3,6,Saturday,True,4
20261004,2026-10-04,2026,10,October,4,7,Sunday,True,4
20261005,2026-10-05,2026,10,October,5,1,Monday,False,4
20261006,2026-10-06,2026,10,October,6,2,Tuesday,False,4
20261007,2026-10-07,2026,10,October,7,3,Wednesday,False,4
20261008,2026-10-08,2026,10,October,8,4,Thursday,False,4
20261009,2026-10-09,2026,10,October,9,5,Friday,False,4
20261010,2026-10-10,2026,10,October,10,6,Saturday,True,4
20261011,2026-10-11,2026,10,October,11,7,Sunday,True,4
20261012,2026-10-12,2026,10,October,12,1,Monday,False,4
20261013,2026-10-13,2026,10,October,13,2,Tuesday,False,4
20261014,2026-10-14,2026,10,October,14,3,Wednesday,False,4
20261015,2026-10-15,2026,10,October,15,4,Thursday,False,4
